<?xml version="1.0" encoding="UTF-8"?>
<project-private xmlns="http://www.netbeans.org/ns/project-private/1">
    <editor-bookmarks xmlns="http://www.netbeans.org/ns/editor-bookmarks/2" lastBookmarkId="0"/>
    <open-files xmlns="http://www.netbeans.org/ns/projectui-open-files/2">
        <group>
            <file>file:/C:/Users/usuario/Documents/NetBeansProjects/Datos_Usuario/src/java/controlador/ControladorUsuario.java</file>
            <file>file:/C:/Users/usuario/Documents/NetBeansProjects/Datos_Usuario/src/java/modelo/UsuarioDAO.java</file>
            <file>file:/C:/Users/usuario/Documents/NetBeansProjects/Datos_Usuario/src/java/modelo/Usuario.java</file>
            <file>file:/C:/Users/usuario/Documents/NetBeansProjects/Datos_Usuario/web/index.jsp</file>
            <file>file:/C:/Users/usuario/Documents/NetBeansProjects/Datos_Usuario/src/java/modelo/Conexion.java</file>
        </group>
    </open-files>
</project-private>
